,I,I_inhib,RS Pyramidal,RS Inhibitory,FS,RS Pyramidal +$\mathrm{K}_{\mathrm{V}}\mathrm{1.1}$,RS Inhibitory +$\mathrm{K}_{\mathrm{V}}\mathrm{1.1}$,FS +$\mathrm{K}_{\mathrm{V}}\mathrm{1.1}$,Cb stellate,Cb stellate +$\mathrm{K}_{\mathrm{V}}\mathrm{1.1}$,Cb stellate $\Delta$$\mathrm{K}_{\mathrm{V}}\mathrm{1.1}$,STN,STN +$\mathrm{K}_{\mathrm{V}}\mathrm{1.1}$,STN $\Delta$$\mathrm{K}_{\mathrm{V}}\mathrm{1.1}$
0,0,0,0,0,0,0,0,0,0,0,0,0,0,0
1,0.005,0.00175,0,0,0,0,0,0,0,0,0,0,0,0
2,0.01,0.0035,0,0,0,0,0,0,0,0,0,0,0,0
3,0.015,0.00525,0,0,0,0,0,0,0,0,0,0,0,0
4,0.02,0.007,0,0,0,0,0,0,0,0,0,0,0,0
5,0.025,0.00875,0,0,0,0,0,0,0,0,0,0,0,0
6,0.03,0.0105,0,0,0,0,0,0,0,0,0,0,0,0
7,0.035,0.01225,0,0,0,0,0,0,0,0,0,0,0,0
8,0.04,0.014,0,0,0,0,0,0,0,0,0,0,0,0
9,0.045,0.01575,0,0,0,0,0,0,0,0,0,0,0,0
10,0.05,0.0175,0,0,0,0,0,0,0,0,0,0,0,0
11,0.055,0.01925,0,8.419640382,0,0,0,0,0,0,0,0,0,0
12,0.06,0.021,0,8.261902314,0,0,0,0,0,0,0,0,0,0
13,0.065,0.02275,0,11.57702195,0,0,0,0,0,0,0,0,0,0
14,0.07,0.0245,0,14.56906783,0,0,0,0,0,0,0,0,0,0
15,0.075,0.02625,0,17.32501733,0,0,0,0,0,0,0,0,0,0
16,0.08,0.028,0,19.89812181,0,0,0,0,0,0,0,0,0,0
17,0.085,0.02975,0,22.32558155,0,0,0,0,0,0,0,0,0,0
18,0.09,0.0315,0,24.63256458,0,0,0,0,0,0,0,0,0,0
19,0.095,0.03325,0,26.83954109,0,0,0,0,0,0,0,0,0,0
20,0.1,0.035,0,28.96032436,0,0,0,0,0,0,0,0,0,0
21,0.105,0.03675,0,31.00775194,0,0,0,0,0,0,0,68.85263788,0,0
22,0.11,0.0385,2.570958453,32.9904915,0,0,0,0,0,0,0,70.42561008,0,0
23,0.115,0.04025,3.595570257,34.91548423,0,0,0,0,0,0,0,71.99843062,0,0
24,0.12,0.042,4.253871023,36.78950342,0,0,0,0,0,0,0,73.23793023,0,0
25,0.125,0.04375,4.849111807,38.61749516,0,0,0,0,0,0,0,74.4280693,0,0
26,0.13,0.0455,5.425445342,40.40240858,3.612651507,0,0,0,0,0,0,75.57073113,0,0
27,0.135,0.04725,6.00024001,42.15005606,4.417546495,0,0,0,0,0,0,76.63532014,0,0
28,0.14,0.049,6.581689745,43.86139868,5.113781642,0,0,0,0,0,0,77.66153447,0,0
29,0.145,0.05075,7.174759204,45.53922661,5.779121963,0,0,0,0,0,0,78.65421488,0,0
30,0.15,0.0525,7.782858264,47.18465159,6.439564685,0,0,0,0,0,0,79.52568546,0,0
31,0.155,0.05425,8.407423766,48.80231086,7.108836284,0,0,0,0,0,0,80.38928898,0,0
32,0.16,0.056,9.04997852,50.39306899,7.794991727,0,0,0,0,0,0,81.26001929,0,0
33,0.165,0.05775,9.711189254,51.95635965,8.503220606,0,0,0,0,0,0,82.03006366,0,0
34,0.17,0.0595,10.39155376,53.49574418,9.238045981,0,0,0,0,0,0,82.85257814,0,0
35,0.175,0.06125,11.09118807,55.01110661,10.0022005,0,0,0,0,0,0,83.60246656,0,0
36,0.18,0.063,11.81032618,56.50515948,10.79796998,0,0,0,0,0,0,84.27182008,0,0
37,0.185,0.06475,12.548401,57.97681206,11.62700569,0,0,0,0,0,0,84.99727096,0,0
38,0.19,0.0665,13.30553959,59.42712664,12.49063203,0,2.7407534,0,0,0,0,85.65986842,0,0
39,0.195,0.06825,14.08167378,60.85710711,13.38918541,0,4.52314843,6.843104723,0,0,0,86.33665374,0,0
40,0.2,0.07,14.87557651,62.26900355,14.32371605,0,5.929791869,8.972794499,0,0,0,86.98729499,0,0
41,0.205,0.07175,15.68812024,63.66287879,15.29432016,0,6.936576776,9.957977351,0,0,0,87.5873215,0,0
42,0.21,0.0735,16.51800463,65.03933532,16.30058283,0,7.699859577,10.68239117,0,0,0,88.19935439,0,0
43,0.215,0.07525,17.36450267,66.39839201,17.3419177,0,8.317564685,11.2843892,0,0,0,88.7931853,0,0
44,0.22,0.077,18.22821728,67.73955739,18.41884463,0,8.843453286,11.81451218,0,0,0,89.3715255,0,0
45,0.225,0.07875,19.10803701,69.06638841,19.53010581,9.983826217,9.306307835,12.29734995,0,0,0,89.90692107,0,0
46,0.23,0.0805,20.00320064,70.37722464,20.67439897,10.68102199,9.724977647,12.7458895,0,0,0,90.49297547,0,0
47,0.235,0.08225,20.91334292,71.67175032,21.85141065,11.18568233,10.11142795,13.16928177,0,0,0,91.02788261,0,0
48,0.24,0.084,21.83787578,72.95241064,23.06007179,11.60586487,10.47252013,13.57299368,0,0,0,91.54916652,0,0
49,0.245,0.08575,22.77621364,74.21821113,24.29838452,11.97690856,10.8141233,13.96090949,0,0,0,92.05995828,0,0
50,0.25,0.0875,23.7276074,75.47169811,25.56589158,12.31577655,11.14007534,14.33574318,0,0,0,92.55780981,0,0
51,0.255,0.08925,24.6918662,76.71034851,26.86061421,12.63127506,11.45387908,14.7006322,0,0,0,93.07930766,0,0
52,0.26,0.091,25.66785804,77.93609676,28.1820566,12.92880543,11.75686801,15.05655627,0,0,0,93.55882245,0,0
53,0.265,0.09275,26.65573145,79.1508654,29.52755963,13.21278248,12.0515808,15.40492967,3.894763492,0,0,94.02827413,0,0
54,0.27,0.0945,27.65432113,80.35034027,30.89598418,13.48526741,12.33933171,15.74741159,6.492522784,0,15.02726383,94.48727862,0,0
55,0.275,0.09625,28.66326842,81.54012666,32.28605517,13.7486743,12.62095082,16.08460507,8.366975558,0,15.34624983,94.96663536,0,0
56,0.28,0.098,29.68122396,82.71799601,33.69472634,14.00429471,12.89799531,16.41699167,9.941741419,0,15.63128052,95.40992098,0,0
57,0.285,0.09975,30.70750154,83.88404175,35.12263714,14.25284551,13.17060326,16.7455102,11.34764653,0,15.89667173,95.84400462,0,0
58,0.29,0.1015,31.74351302,85.03906263,36.5672945,14.49605508,13.43982803,17.07067258,12.6456889,0,16.14856692,96.30069136,0,0
59,0.295,0.10325,32.7862136,86.18272139,38.0266197,14.73405039,13.70640876,17.39319504,13.86935075,0,16.39041985,96.73994152,0,0
60,0.3,0.105,33.83665446,87.31674905,39.49993228,14.96749919,13.97066164,17.71339737,15.03900751,0,16.6240676,97.15084248,0,0
61,0.305,0.10675,34.89318849,88.44044776,40.98360656,15.19727973,14.23310267,18.03137465,16.16782204,0,16.85109262,97.58694094,0,0
62,0.31,0.1085,35.95613416,89.55403744,42.48006367,15.42359819,14.49425413,18.34750182,17.26386877,0,17.07322284,97.9847704,0,0
63,0.315,0.11025,37.0240464,90.65635662,43.98416781,15.64669761,14.75443102,18.66263567,18.33404646,0,17.29040203,98.37803048,0,0
64,0.32,0.112,38.09753041,91.75044494,45.49590537,15.86703435,15.01340489,18.97693265,19.3823493,0,17.50325764,98.7931112,0,0
65,0.325,0.11375,39.17574382,92.83553116,47.01457452,16.08460507,15.27242189,19.28975142,20.41149589,0,17.71304875,99.19228944,0,0
66,0.33,0.1155,40.25683894,93.91014278,48.53803649,16.30025066,15.53126647,19.60207801,21.42428681,0,17.91936301,99.59375154,0,0
67,0.335,0.11725,41.34196092,94.9763651,50.06609013,16.5135722,15.78999313,19.91436841,22.42106774,0,18.12323812,99.96392349,0,0
68,0.34,0.119,42.43090647,96.03459074,51.59651665,16.72520488,16.04943233,20.22612819,23.40425557,0,18.32396789,100.3287912,0,0
69,0.345,0.12075,43.52126771,97.08545684,53.12869208,16.93480102,16.30988795,20.53771478,24.37290556,0,18.52271101,100.7146715,0,0
70,0.35,0.1225,44.61388929,98.12560942,54.66294828,17.14285725,16.57069481,20.8498396,25.32878726,0,18.71923032,101.0892154,0,0
71,0.355,0.12425,45.70929076,99.15915491,56.19669282,17.34973213,16.83281285,21.16198561,26.27164928,0,18.91392071,101.463885,0,0
72,0.36,0.126,46.80409686,100.1843527,57.72982758,17.55549496,17.09620901,21.47443489,27.2029536,0,19.10665773,101.810033,0,0
73,0.365,0.12775,47.90036968,101.2025349,59.26160557,17.75953598,17.36111111,21.78821876,28.1209201,0,19.29794097,102.1524923,0,0
74,0.37,0.1295,48.99847249,102.2126266,60.79027356,17.96335481,17.62770297,22.10211202,29.0275762,0,19.48747948,102.5303166,0,0
75,0.375,0.13125,50.09618636,103.2155761,62.31657315,18.16530427,17.89655802,22.41695546,29.92279934,0,19.67535681,102.8630686,0,0
76,0.38,0.133,51.19420628,104.2105325,63.83785833,18.36697226,18.16713781,22.73290908,30.80588221,0,19.8621568,103.2147126,0,0
77,0.385,0.13475,52.29073988,105.2025934,65.35688981,18.56768864,18.44035576,23.04988409,31.67815059,0,20.04811548,103.5584723,0,28.15433168
78,0.39,0.1365,53.38809143,106.1826551,66.87066324,18.76759477,18.71607711,23.36858118,32.53884389,0,20.23226662,103.9013412,0,28.98159673
79,0.395,0.13825,54.48382019,107.1577601,68.38020162,18.96693446,18.99443477,23.68779519,33.38967863,0,20.41607978,104.2198174,0,29.74070667
80,0.4,0.14,55.57761367,108.1276081,69.88259818,19.16553285,19.27566347,24.00912357,34.23071594,0,20.59817102,104.5718265,0,30.49223136
81,0.405,0.14175,56.67051425,109.0880519,71.37900366,19.36408361,19.55990239,24.33188714,35.0609448,0,20.77980979,104.8838607,0,31.29007224
82,0.41,0.1435,57.76087385,110.044656,72.87007683,19.56181534,19.84757084,24.65623545,35.88087549,0,20.96040588,105.2117731,0,32.09246303
83,0.415,0.14525,58.85098859,110.9967601,74.35392775,19.75933141,20.13895902,24.98230442,36.69299657,0,21.14030842,105.532942,0,32.90859275
84,0.42,0.147,59.93767,111.9418209,75.8316627,19.95609659,20.43443629,25.31054098,37.49531309,0,21.31906916,105.8546518,0,33.78971489
85,0.425,0.14875,61.02274559,112.8804814,77.30120781,20.15275798,20.73312338,25.64102564,38.28869786,0,21.4973912,106.1513153,0,34.97293495
86,0.43,0.1505,62.10433902,113.8111072,78.76342585,20.34960631,21.03612495,25.97298832,39.07374771,0,21.67487708,106.4840202,0,35.97329904
87,0.435,0.15225,63.18367244,114.7389561,80.21820588,20.54615421,21.34426168,26.30726922,39.8501649,0,21.85227875,106.775662,0,37.01700932
88,0.44,0.154,64.26090275,115.6623037,81.66599973,20.74215436,21.65652773,26.64382942,40.61895609,0,22.02819634,107.0838989,0,38.196604
89,0.445,0.15575,65.33360397,116.5805988,83.10531237,20.93802345,21.97363173,26.98327037,41.38094286,0,22.20413021,107.3856212,0,39.32449458
90,0.45,0.1575,66.40507335,117.4921675,84.53596198,21.13433775,22.29654404,27.32560459,42.13652369,0,22.37955755,107.6902558,25.07571772,40.59607952
91,0.455,0.15925,67.47224691,118.3978562,85.96047213,21.33064446,22.62489983,27.66962482,42.88339868,0,22.55392455,107.9849672,26.10394714,41.90851856
92,0.46,0.161,68.53595373,119.3009255,87.37441598,21.52667179,22.95815898,28.01681053,43.62482814,0,22.72856434,108.2818366,27.00315718,43.24971312
93,0.465,0.16275,69.59654897,120.1971289,88.78017704,21.72238814,23.29817446,28.36707027,44.36020659,0,22.90235297,108.5581551,27.83647201,44.61267896
94,0.47,0.1645,70.65196897,121.089833,90.17855948,21.91846356,23.64392285,28.72022697,45.08751152,0,23.07627789,108.8645552,28.64478733,46.06052081
95,0.475,0.16625,71.70458591,121.9780708,91.5659847,22.11499815,23.99664073,29.07640906,45.81125871,0,23.24905574,109.155405,29.42376557,47.43298994
96,0.48,0.168,72.75445354,122.8625087,92.94783951,22.31101565,24.35658066,29.43542898,46.52856621,0,23.42240384,109.4380813,30.21008899,48.87040957
97,0.485,0.16975,73.80073801,123.7426366,94.3173937,22.50777551,24.72340717,29.79796993,47.23944609,0,23.59502379,109.7214506,30.96724014,50.21128977
98,0.49,0.1715,74.84145986,124.6181537,95.68043828,22.70491209,25.09797902,30.16348663,47.94534459,0,23.76708293,109.98467,31.75364132,51.71286966
99,0.495,0.17325,75.87859837,125.4908533,97.03741186,22.90187617,25.48041234,30.53372977,48.64759957,0,23.9391947,110.2801639,32.54703288,53.062586
100,0.5,0.175,76.91218527,126.3589074,98.38067808,23.09913395,25.87167679,30.90616958,49.3437313,0,24.11139498,110.5393556,33.35745546,54.30288767
101,0.505,0.17675,77.9407662,127.2188853,99.72079769,23.29644761,26.27164928,31.28360619,50.03602903,0,24.28314154,110.8289385,34.19666659,55.67207191
102,0.51,0.1785,78.96496336,128.079447,101.0481508,23.4947353,26.68089675,31.66435815,50.72280316,0,24.45436232,111.0840645,35.07351017,56.89784093
103,0.515,0.18025,79.98561151,128.9387263,102.3662458,23.6929398,27.09914142,32.04935651,51.40575243,0,24.62599302,111.3563139,35.99073094,58.17023828
104,0.52,0.182,81.00118767,129.7897952,103.6786242,23.89200846,27.52762636,32.43791233,52.08441897,0,24.79732984,111.6227825,36.89632497,59.3948776
105,0.525,0.18375,82.01313404,130.6401921,104.9796267,24.09106433,27.96755817,32.83120933,52.75974374,0,24.96826961,111.8924543,37.89099415,60.48634203
106,0.53,0.1855,83.01949343,131.4858459,106.2741918,24.29051475,28.41774094,33.22843664,53.42978455,0,25.13931392,112.1410611,38.86652954,61.62082959
107,0.535,0.18725,84.02353385,132.3282228,107.559033,24.49079575,28.87947685,33.63040283,54.09792119,0,25.31054098,112.4179557,39.94320069,62.76625794
108,0.54,0.189,85.02025239,133.1719324,108.8358789,24.69135802,29.354208,34.0367597,54.76007184,0,25.48120312,112.6792267,40.98539116,63.81602786
109,0.545,0.19075,86.01377742,134.0080823,110.1013185,24.89265073,29.84120273,34.44782191,55.41986084,0,25.6519884,112.9325102,42.13183323,64.75425072
110,0.55,0.1925,87.00228185,134.8414686,111.3608318,25.09361861,30.34103391,34.86480278,56.0773901,0,25.82336859,113.1893029,43.30420007,65.73178547
111,0.555,0.19425,87.98769872,135.6742339,112.6126126,25.29625831,30.85530974,35.2858151,56.73037787,0,25.99428126,113.43798,44.48379503,66.72283706
112,0.56,0.196,88.96797153,136.5023902,113.8535677,25.49882099,31.38469324,35.71203562,57.38143198,0,26.16483861,113.6904085,45.70783339,67.63383751
113,0.565,0.19775,89.94244748,137.3271368,115.0885132,25.70287517,31.92848102,36.14385348,58.02785755,0,26.33551469,113.9517854,46.93227466,68.55827129
114,0.57,0.1995,90.91268742,138.1524504,116.3140781,25.90673575,32.48862984,36.58090586,58.67167816,0,26.50681065,114.1845638,48.14160434,69.41118527
115,0.575,0.20125,91.87873856,138.9756752,117.5322446,26.11123417,33.06536687,37.0240464,59.31198102,1.772169845,26.67815925,114.4412913,49.42890293,70.27678624
116,0.58,0.203,92.84134768,139.7931677,118.740967,26.31685517,33.66011786,37.47312911,59.950841,2.772886714,26.84924199,114.6853091,50.64542634,71.0783797
117,0.585,0.20475,93.7974068,140.6102905,119.9406723,26.52303463,34.27143109,37.92793825,60.58648263,3.747704531,27.02028614,114.921131,51.90675718,71.89345374
118,0.59,0.2065,94.75044384,141.4258331,121.1351398,26.72980014,34.90333879,38.38771593,61.21885324,4.716462027,27.19153345,115.1611545,53.05403425,72.68489524
119,0.595,0.20825,95.69768036,142.2389731,122.3180723,26.93742271,35.55555718,38.85532354,61.84909143,5.688605723,27.3629901,115.413229,54.21164852,73.41697761
120,0.6,0.21,96.64171783,143.0500024,123.4961719,27.14546114,36.22751087,39.32851863,62.47607342,6.672152665,27.53466453,115.6340214,55.39449207,74.16812734
121,0.605,0.21175,97.58041936,143.8590507,124.6657389,27.35497028,36.92156399,39.8089172,63.10019557,7.671800388,27.70614482,115.8812313,56.54683417,74.89689829
122,0.61,0.2135,98.51425152,144.6655178,125.8263974,27.56514954,37.63879557,40.29577245,63.72471411,8.682515167,27.87844996,116.1271698,57.66954422,75.60622625
123,0.615,0.21525,99.44314214,145.4734608,126.9777794,27.7755738,38.37918952,40.78885803,64.34359831,9.693303888,28.04992902,116.3437431,58.75269437,76.26559664
124,0.62,0.217,100.3680385,146.278001,128.1256156,27.98768542,39.14297792,41.289897,64.96143558,10.68193474,28.22239291,116.5869572,59.81510348,76.9857908
125,0.625,0.21875,101.2884092,147.0795916,129.2632509,28.20078962,39.93190951,41.79853287,65.5764597,11.62542871,28.39526252,116.8149033,60.83825055,77.64573144
126,0.63,0.2205,102.2023871,147.8817494,130.3911893,28.41428073,40.74814044,42.31482365,66.19063386,12.5117298,28.56793103,117.0385809,61.83372467,78.28880463
127,0.635,0.22225,103.1136445,148.6810388,131.5134539,28.62868594,41.59042217,42.83791136,66.80162031,13.34252488,28.74058803,117.2652544,62.85151938,78.91710493
128,0.64,0.224,104.0187495,149.4827982,132.631332,28.84456927,42.46113434,43.36961384,67.41160636,14.13085174,28.91343376,117.5011311,63.78197526,79.53130093
129,0.645,0.22575,104.9234931,150.2796029,133.7379208,29.0607163,43.36066434,43.90867207,68.01768974,14.90217793,29.08728279,117.7202374,64.69462726,80.17293963
130,0.65,0.2275,105.8201058,151.0787311,134.8387541,29.27914799,44.28966168,44.45702018,68.62207503,15.69027408,29.26030023,117.9425946,65.62469696,80.76167161
131,0.655,0.22925,106.7128522,151.8725138,135.9320902,29.49728235,45.24887764,45.01371098,69.22606096,16.5255872,29.43485143,118.1741229,66.48093838,81.33758117
132,0.66,0.231,107.5997581,152.6717557,137.0166986,29.71709344,46.23767294,45.57790756,69.82683291,17.41098646,29.60915968,118.3779984,67.37334619,81.87420788
133,0.665,0.23275,108.4838586,153.4660245,138.0966975,29.93832748,47.25992255,46.1532308,70.42537111,18.3207227,29.78377049,118.6064107,68.22798059,82.46661617
134,0.67,0.2345,109.3626898,154.2592259,139.1678432,30.15965828,48.3160011,46.73534376,71.02272727,19.22214407,29.95865722,118.8228558,69.01570051,83.00891275
135,0.675,0.23625,110.2381292,155.0543924,140.2328112,30.3828242,49.40029845,47.32794402,71.61899436,20.08959978,30.13379473,119.051544,69.81425689,83.5418535
136,0.68,0.238,111.108909,155.8504708,141.290772,30.60724825,50.51782958,47.93098184,72.21231008,20.90539382,30.30991944,119.2608491,70.56775756,84.08939912
137,0.685,0.23975,111.9753725,156.6454699,142.3388377,30.83267556,51.66892661,48.54172653,72.80376297,21.66164536,30.48532695,119.4734394,71.33642201,84.63732794
138,0.69,0.2415,112.837278,157.4395689,143.3822769,31.0597597,52.84984981,49.16420846,73.39377736,22.35844338,30.66167973,119.6950749,72.13409932,85.14134148
139,0.695,0.24325,113.693065,158.2310629,144.4246808,31.28788801,54.0692336,49.7968306,73.98225314,22.99908004,30.83802383,119.8911662,72.82027906,85.63576966
140,0.7,0.245,114.5475372,159.0241706,145.4546224,31.51715749,55.31413617,50.43882079,74.56821188,23.59046945,31.01556639,120.1119438,73.53502497,86.15710592
141,0.705,0.24675,115.393996,159.8210863,146.4775829,31.74729191,56.593128,51.09235697,75.15377871,24.1395268,31.19281353,120.3311595,74.19832278,86.63416435
142,0.71,0.2485,116.2394858,160.6136421,147.4956098,31.9795331,57.89698007,51.75674472,75.73644731,24.65280664,31.37070435,120.5220506,74.92394949,87.10595367
143,0.715,0.25025,117.0774486,161.4125634,148.5049937,32.21283284,59.23448221,52.43125956,76.31902262,25.136681,31.5488521,120.7403284,75.58187942,87.60040742
144,0.72,0.252,117.9149491,162.2093972,149.5100939,32.44777973,60.59781173,53.11824088,76.89818172,25.59617787,31.72723079,120.9520663,76.19938223,88.05590257
145,0.725,0.25375,118.7481306,163.0042134,150.5088021,32.6841375,61.98764504,53.8159518,77.47671559,26.03488675,31.90683241,121.1581687,76.88074425,88.53532871
146,0.73,0.2555,119.5743513,163.8035457,151.4998701,32.92113419,63.40250637,54.52562704,78.05464443,26.45664196,32.08663472,121.3556798,77.50350599,88.99956587
147,0.735,0.25725,120.3973536,164.5992518,152.4849582,33.16062262,64.83815156,55.24752924,78.62872299,26.86450006,32.2658714,121.5564922,78.1113972,89.43531123
148,0.74,0.259,121.2170246,165.4013569,153.4641323,33.40079004,66.29572627,55.98208931,79.20322779,27.2606905,32.44646334,121.7651583,78.70199508,89.89300903
149,0.745,0.26075,122.0317734,166.2039647,154.4386977,33.64383874,67.77504057,56.72704771,79.77504706,27.64776758,32.62775845,121.974535,79.30067747,90.31493964
150,0.75,0.2625,122.8402385,167.0054515,155.4049536,33.88681803,69.26905686,57.48721879,80.34711192,28.02578399,32.80903233,122.1601126,79.87501188,90.76100942
151,0.755,0.26425,123.6464061,167.8120913,156.3659915,34.13174913,70.77424996,58.25867343,80.91597553,28.39756648,32.99113158,122.3659901,80.47881324,91.19319776
152,0.76,0.266,124.4518674,168.6171655,157.3204651,34.37955108,72.29647367,59.04269838,81.48465976,28.76397165,33.17368587,122.5724863,81.03028233,91.59761184
153,0.765,0.26775,125.2500422,169.4307939,158.2722861,34.62744981,73.83024622,59.8384392,82.05088173,29.12540628,33.35622507,122.7549951,81.56989672,92.02423639
154,0.77,0.2695,126.0429018,170.240482,159.2135176,34.87763821,75.3714598,60.6489468,82.61700515,29.48299506,33.53983442,122.9554084,82.13500997,92.41971814
155,0.775,0.27125,126.8320684,171.0503661,160.1538462,35.12977457,76.92001531,61.47256984,83.1798564,29.83709015,33.72346836,123.151557,82.81390074,92.83604018
156,0.78,0.273,127.6222893,171.8694485,161.0825412,35.383618,78.47561628,62.31030804,83.7420816,30.18898372,33.90777143,123.3524554,83.3234366,93.23807367
157,0.785,0.27475,128.4032203,172.6873339,162.0130373,35.63933043,80.03206661,63.15997746,84.30350181,30.53808167,34.09273281,123.5380267,83.86132998,93.64603102
158,0.79,0.2765,129.1810132,173.5061509,162.9287713,35.89661854,81.59208715,64.02445551,84.86392868,30.88707755,34.27834096,123.7290615,84.35437429,94.02050415
159,0.795,0.27825,129.9545708,174.3348489,163.8493539,36.15546917,83.15085414,64.90214442,85.42316399,31.23308268,34.46458359,123.9293836,84.83788776,94.4341783
160,0.8,0.28,130.7268511,175.1631328,164.7545917,36.41660597,84.71162135,65.79472351,85.97936907,31.57998696,34.65144764,124.1228861,85.34955633,94.79972241
161,0.805,0.28175,131.492496,175.9930489,165.6621544,36.68004908,86.26747755,66.69806014,86.53654224,31.92529551,34.83820829,124.2995236,85.81757596,95.18493763
162,0.81,0.2835,132.2565997,176.8312444,166.5597498,36.94485592,87.82263819,67.61863413,87.09038323,32.27042668,35.0262697,124.4967115,86.27872949,95.54282437
163,0.815,0.28525,133.0157229,177.6665826,167.4535658,37.21238035,89.37099384,68.55115705,87.64591345,32.61578604,35.21491546,124.6894875,86.76730559,95.94002413
164,0.82,0.287,133.7699749,178.5106279,168.3434316,37.48125937,90.91464229,69.49684549,88.19757275,32.96106753,35.4038011,124.8748703,87.23751023,96.28817823
165,0.825,0.28875,134.5229947,179.3616168,169.2249816,37.75167838,92.45491399,70.4569993,88.7490542,33.30696619,35.59281927,125.0541264,87.67835398,96.6559177
166,0.83,0.2905,135.2715994,180.2130691,170.1025182,38.02509729,93.9868789,71.43294773,89.29812616,33.65270504,35.78315518,125.2461377,88.146708,97.01586692
167,0.835,0.29225,136.0136446,181.0720619,170.9746069,38.30104675,95.51102084,72.41858393,89.84905517,34.00000057,35.97409945,125.4292471,88.57399792,97.37601634
168,0.84,0.294,136.7576813,181.9382803,171.8453772,38.57868074,97.03050058,73.41998318,90.39594783,34.3482926,36.16563887,125.6167896,89.02633284,97.70985113
169,0.845,0.29575,137.4932313,182.8080245,172.7047262,38.85834337,98.54201987,74.43321153,90.94217884,34.69671037,36.3570272,125.7949668,89.44362896,98.07948478
170,0.85,0.2975,138.2267571,183.6863892,173.5656284,39.14055636,100.044052,75.46121344,91.48759143,35.04741222,36.5497076,125.9734393,89.90639591,98.4083101
171,0.855,0.29925,138.9560783,184.5685699,174.4152278,39.42440524,101.5393713,76.50031877,92.03130954,35.39823009,36.74219339,126.1626309,90.31213388,98.75469454
172,0.86,0.301,139.6815475,185.4578019,175.2640238,39.71169391,103.0261745,77.5533045,92.57583409,35.7511723,36.93623756,126.3473349,90.71237586,99.09071103
173,0.865,0.30275,140.4044133,186.3579621,176.109265,40,104.5058417,78.6179382,93.11741532,36.1054289,37.13040674,126.5122037,91.13736808,99.43010554
174,0.87,0.3045,141.1222869,187.2621939,176.9485088,40.29252456,105.9767181,79.69557178,93.65723104,36.46086642,37.32581339,126.6954002,91.54619883,99.75831834
175,0.875,0.30625,141.8383121,188.1754687,177.7832449,40.58606335,107.4375497,80.78523919,94.19972381,36.8180984,37.5219706,126.8816795,91.96058153,100.0927783
176,0.88,0.308,142.548925,189.1006656,178.6109109,40.88223904,108.8951457,81.88373523,94.73810977,37.17617643,37.71787137,127.0558414,92.3387493,100.400141
177,0.885,0.30975,143.2579357,190.0334759,179.4366904,41.1821243,110.3420919,82.99595754,95.27592416,37.53675502,37.9150716,127.2275364,92.74520992,100.7420314
178,0.89,0.3115,143.9626397,190.9779704,180.2560683,41.483122,111.7831745,84.11777405,95.81222625,37.89918949,38.11281485,127.4076603,93.13492912,101.0627614
179,0.895,0.31325,144.6655178,191.9347495,181.0720619,41.78854994,113.2159676,85.24976294,96.34879095,38.26402312,38.31108695,127.5800712,93.52931204,101.3639604
180,0.9,0.315,145.3635296,0,181.8836901,42.09513683,114.6420256,86.39050103,96.8855451,38.62942911,38.51041827,127.7609041,93.88970097,101.695415
181,0.905,0.31675,146.0555699,0,182.6884417,42.40539676,116.0627113,87.54303937,97.41843519,38.99755867,38.70994156,127.9275962,94.29463999,101.9901966
182,0.91,0.3185,146.7484947,0,183.489945,42.71765699,117.4755219,88.70432792,97.95103154,39.36852935,38.91050646,128.0958556,94.64951681,102.3155058
183,0.915,0.32025,147.4360886,0,184.2913277,43.0334697,118.8845224,89.87419229,98.48456663,39.74010118,39.11139019,128.2755692,95.02541483,102.6056323
184,0.92,0.322,148.1214943,0,185.0810064,43.35260297,120.2863209,91.05074087,99.01390616,40.11472895,39.31305739,128.4506142,95.3707665,102.9265949
185,0.925,0.32375,148.8035478,0,185.8736059,43.67419235,121.6866125,92.23645036,99.54496159,40.49156914,39.51554089,128.6171729,95.75693325,103.2282045
186,0.93,0.3255,149.479855,0,186.6609071,43.99736116,123.0782113,93.4282376,100.0740741,40.86954935,39.71800336,128.7814313,96.09602896,103.5095977
187,0.935,0.32725,150.1561712,0,187.4415892,44.32624113,124.4680466,94.62644115,100.6015995,41.25088503,39.92255106,128.9578993,96.4567507,103.8216405
188,0.94,0.329,150.8235052,0,188.2184726,44.65586067,125.8515436,95.82944559,101.1302946,41.6337073,40.12680127,129.1230121,96.80714136,104.1000467
189,0.945,0.33075,151.4937575,0,188.9865899,44.98977686,127.2366119,97.03933366,101.6584503,42.0193298,40.33152676,129.2976776,97.16040846,104.4072972
190,0.95,0.3325,152.1583031,0,189.7609154,45.32734358,128.6174165,98.25548176,102.1819081,42.4071089,40.5381938,129.4560519,97.50103461,104.6977558
191,0.955,0.33425,152.8222651,0,190.5221068,45.66754214,129.9974408,99.47422784,102.7059301,42.79687971,40.74398671,129.6199205,97.84703641,104.9805216
192,0.96,0.336,153.4827322,0,191.2808998,46.01104497,131.3746903,100.6969884,103.2319777,43.189439,40.95087975,129.7907446,98.16636287,105.2674199
193,0.965,0.33775,154.1357024,0,192.0385477,46.35881804,132.7514207,101.9245868,103.7551552,43.58420867,41.15952426,129.9594212,98.52161957,105.5450793
194,0.97,0.3395,154.7894399,0,192.7932683,46.70987441,134.1288233,103.1511942,104.27738,43.9806502,41.36847044,130.1192908,98.83345147,105.828543
195,0.975,0.34125,155.4363162,0,193.5407389,47.06460329,135.5094809,104.3841336,104.7985843,44.38078869,41.57757275,130.2797833,99.16643744,106.1209305
196,0.98,0.343,156.0843684,0,194.2876994,47.42146021,136.8898477,105.6176821,105.3196644,44.78189222,41.78771872,130.4497342,99.49150731,106.3785812
197,0.985,0.34475,156.727233,0,195.0298992,47.78306669,138.2738248,106.8526984,105.8391413,45.18664086,41.9983204,130.6148644,99.8155834,106.6676327
198,0.99,0.3465,157.3692077,0,195.7651945,48.14829761,139.6591663,108.0908122,106.3595149,45.5933097,42.20935934,130.7769299,100.157476,106.9214308
199,0.995,0.34825,158.0063601,0,196.4991711,48.51719453,141.0494314,109.3287504,106.8764138,46.00184147,42.42167297,130.9305593,100.455131,107.2069134
